Workbook

Sheet README
A1: COMM5000 M1 — companion analysis workbook
A2: Purpose: every number in the report can be traced here. Source: COMM5000-Used_Car_Price_Prediction.xlsm, sheet DATA (A1:T1005001), Dataset!B6 stamp 2026-09-26 08:29:38.
A3: The source workbook was read only; no macro was run and B6 was not changed. All statistics use the full 1,005,000 rows unless a sheet says otherwise.
A5: Sheets
A6: Cleaning_Log — every data issue, detection method, count, treatment and rationale (Report Table 1).
A7: Label_Map — each raw Brand / Fuel_Type label, its cleaned value and frequency.
A8: Descriptive_Stats — Report Table 2 with extra columns (Q1, Q3, skewness, CV).
A9: Correlation_Inputs — n, Σx, Σy, Σx², Σy², Σxy per group; Pearson r is recomputed by live Excel formulas and matches the report.
A10: Age_Profile / Km_Deciles / Brand_Medians — full-data group summaries behind Figures 3 and 4.
A11: Segment_Test — luxury vs non-luxury tests (Welch t, Mann–Whitney, effect size, bootstrap CI).
A12: Signal_Scan — variance share of log price explained by each of 19 fields (Figure 4B).
A13: Duplicate_Permutation — 20 column-shuffle runs giving the chance baseline for 15-field repeats.
... A17: Excel_Recipes — the Excel formulas that reproduce the cleaning and key statistics directly on the DATA sheet.

Sheet Cleaning_Log
A1: Data-quality audit and treatment log (Report Table 1)
A3: Issue | B3: How detected | C3: Size | D3: Treatment | E3: Rationale
A4: Brand labels padded with spaces (e.g. ‘ BMW ’) | B4: TRIM + frequency table | C4: 10,040 (2,334 luxury) | D4: Trimmed → 13 brands | E4: Segments cannot be built correctly otherwise
A5: Fuel_Type variants (PETROL, petrol, ‘ Diesel’, ‘diesel ’, hybridd, electrik) | B5: TRIM/LOWER + frequency table | C5: 20,123 | D5: Mapped → 5 fuel types | E5: Intended category is unambiguous
A6: ‘Unknown’ in Fuel_Type / Transmission / Color / City | B6: Frequency table | C6: 78,733 / 80,385 / 80,419 / 80,430 (284k rows) | D6: Kept as own category | E6: Deleting would drop 28% of rows; true category cannot be inferred
A7: Missing numeric values | B7: COUNTBLANK per column | C7: 0 | D7: None needed | E7: Workbook notes randomisation filled them
A8: Zero or isolated extreme technical values | B8: =0 or beyond mean ± 3 SD | C8: Mileage 40, Engine 64, HP 43 | D8: Set to missing for that field only | E8: Physically impossible or far outside a bounded range
A9: Duplicated records | B9: Exact 20-field match; 15-field match vs permutation baseline | C9: 0 exact; 29,640 vs 25,106 by chance (≈4,500 genuine) | D9: Flagged, retained | E9: Individual duplicates unidentifiable; median impact 0.01%
A10: Kms_Driven > 1,000,000 | B10: Filter | C10: 6,134 (0.61%; 6,117 expected) | D10: Excluded from usage analysis only | E10: Guide’s plausibility threshold; price still valid
A11: Extreme Car_Price | B11: Log-scale 3 × IQR fence | C11: 1 low, 2 high | D11: Retained; medians and logs used | E11: Consistent with a log-normal tail
A12: Internal consistency | B12: Year + Registration_Age; Brand × Model | C12: 100% = 2025; 39 models → 1 brand each | D12: Used as provided | E12: Confirms fields are coherent
A14: Technical-value rule thresholds (mean ± 3 SD, zeros excluded)
A15: Mileage_kmpl: zeros 4, beyond ±3 SD 36, bounds 5.48 – 30.53, excess kurtosis -1.157
A16: Engine_CC: zeros 12, beyond ±3 SD 52, bounds 280.62 – 2731.46, excess kurtosis -1.168
A17: Horsepower: zeros 10, beyond ±3 SD 33, bounds 4.44 – 236.58, excess kurtosis -1.164

Sheet Label_Map
A1: Raw label → cleaned label (quotes show hidden spaces)
A3: Field | B3: Raw label | C3: Cleaned | D3: Rows | E3: Status | F3: Segment
A4: Brand | B4: ' Audi ' | C4: Audi | D4: 733 | E4: changed | F4: Luxury
A5: Brand | B5: ' BMW ' | C5: BMW | D5: 788 | E5: changed | F5: Luxury
A6: Brand | B6: ' Ford ' | C6: Ford | D6: 745 | E6: changed
A7: Brand | B7: ' Honda ' | C7: Honda | D7: 770 | E7: changed
A8: Brand | B8: ' Hyundai ' | C8: Hyundai | D8: 767 | E8: changed
A9: Brand | B9: ' Kia ' | C9: Kia | D9: 769 | E9: changed
A10: Brand | B10: ' Mahindra ' | C10: Mahindra | D10: 785 | E10: changed
A11: Brand | B11: ' Mercedes ' | C11: Mercedes | D11: 813 | E11: changed | F11: Luxury
A12: Brand | B12: ' Nissan ' | C12: Nissan | D12: 792 | E12: changed
A13: Brand | B13: ' Skoda ' | C13: Skoda | D13: 789 | E13: changed
A14: Brand | B14: ' Tata ' | C14: Tata | D14: 778 | E14: changed
A15: Brand | B15: ' Toyota ' | C15: Toyota | D15: 767 | E15: changed
A16: Brand | B16: ' Volkswagen ' | C16: Volkswagen | D16: 744 | E16: changed
A17: Brand | B17: 'Audi' | C17: Audi | D17: 76573 | E17: unchanged | F17: Luxury
A18: Brand | B18: 'BMW' | C18: BMW | D18: 76773 | E18: unchanged | F18: Luxury
A19: Brand | B19: 'Ford' | C19: Ford | D19: 76694 | E19: unchanged
A20: Brand | B20: 'Honda' | C20: Honda | D20: 76542 | E20: unchanged
A21: Brand | B21: 'Hyundai' | C21: Hyundai | D21: 76750 | E21: unchanged
A22: Brand | B22: 'Kia' | C22: Kia | D22: 76524 | E22: unchanged
A23: Brand | B23: 'Mahindra' | C23: Mahindra | D23: 76308 | E23: unchanged
A24: Brand | B24: 'Mercedes' | C24: Mercedes | D24: 76492 | E24: unchanged | F24: Luxury
A25: Brand | B25: 'Nissan' | C25: Nissan | D25: 76174 | E25: unchanged
A26: Brand | B26: 'Skoda' | C26: Skoda | D26: 76762 | E26: unchanged
A27: Brand | B27: 'Tata' | C27: Tata | D27: 76297 | E27: unchanged
A28: Brand | B28: 'Toyota' | C28: Toyota | D28: 76630 | E28: unchanged
A29: Brand | B29: 'Volkswagen' | C29: Volkswagen | D29: 76441 | E29: unchanged
A30: Fuel_Type | B30: ' Diesel' | C30: Diesel | D30: 3390 | E30: changed
A31: Fuel_Type | B31: 'CNG' | C31: CNG | D31: 90628 | E31: unchanged
A32: Fuel_Type | B32: 'Diesel' | C32: Diesel | D32: 272056 | E32: unchanged
A33: Fuel_Type | B33: 'Electric' | C33: Electric | D33: 72513 | E33: unchanged
A34: Fuel_Type | B34: 'Hybrid' | C34: Hybrid | D34: 63370 | E34: unchanged
A35: Fuel_Type | B35: 'PETROL' | C35: Petrol | D35: 3317 | E35: changed
A36: Fuel_Type | B36: 'Petrol' | C36: Petrol | D36: 407577 | E36: unchanged
... A41: Fuel_Type | B41: 'petrol' | C41: Petrol | D41: 3351 | E41: changed

Sheet Descriptive_Stats
A1: Numerical summaries (Report Table 2, extended)
A2: *Mode: exact for discrete variables; midpoint of the modal bin for continuous ones (bins: price 50k, km 10k, cc 50, hp 5, km/l 0.5). Binary fields (All / Luxury / Non-luxury): Insurance_Valid 84.9 / 84.9 / 84.9%; Service_History 75.1 / 75.0 / 75.1%; Tax_Paid 90.0 / 90.0 / 90.0%; first owner 59.9 / 59.9 / 59.9%. SD uses n − 1.
A3: Variable | B3: Group | C3: n | D3: Mean | E3: Median | F3: Mode* | G3: SD (n−1) | H3: Min | I3: Max | J3: Q1 | K3: Q3 | L3: Skewness | M3: CV
A4: Car_Price (INR) | B4: All | C4: 1005000 | D4: 1015106.8 | E4: 673521.58 | F4: 275000 | G4: 1147780.2 | H4: 8043.2594 | I4: 51993222 | J4: 365842.71 | K4: 1240713.7 | L4: 4.8948417 | M4: 1.1306989
A5: Car_Price (INR) | B5: Luxury | C5: 232172 | D5: 1012738 | E5: 672614.13 | F5: 325000 | G5: 1130611.9 | H5: 11017.223 | I5: 41975979 | J5: 365599.59 | K5: 1239749.9 | L5: 4.4450098 | M5: 1.1163913
A6: Car_Price (INR) | B6: Non-luxury | C6: 772828 | D6: 1015818.5 | E6: 673730.56 | F6: 275000 | G6: 1152887.7 | H6: 8043.2594 | I6: 51993222 | J6: 365893.97 | K6: 1241027.4 | L6: 5.0216112 | M6: 1.1349347
A7: Registration_Age (years) | B7: All | C7: 1005000 | D7: 13.00429 | E7: 13 | F7: 6 | G7: 7.2114856 | H7: 1 | I7: 25 | J7: 7 | K7: 19 | L7: -0.0012602046 | M7: 0.55454668
A8: Registration_Age (years) | B8: Luxury | C8: 232172 | D8: 13.019684 | E8: 13 | F8: 18 | G8: 7.2064039 | H8: 1 | I8: 25 | J8: 7 | K8: 19 | L8: -0.0020751621 | M8: 0.55350069
A9: Registration_Age (years) | B9: Non-luxury | C9: 772828 | D9: 12.999665 | E9: 13 | F9: 19 | G9: 7.2130098 | H9: 1 | I9: 25 | J9: 7 | K9: 19 | L9: -0.0010125275 | M9: 0.55486121
A10: Kms_Driven (km, ≤ 1m) | B10: All | C10: 998866 | D10: 196142.49 | E10: 152610.05 | F10: 95000 | G10: 150624.39 | H10: 3216.3101 | I10: 999998.59 | J10: 92460.892 | K10: 251229.97 | L10: 1.8406937 | M10: 0.76793349
A11: Kms_Driven (km, ≤ 1m) | B11: Luxury | C11: 230726 | D11: 196322.03 | E11: 153009.47 | F11: 95000 | G11: 150611.66 | H11: 3216.3101 | I11: 999918.51 | J11: 92822.548 | K11: 251225.69 | L11: 1.8424727 | M11: 0.76716638
A12: Kms_Driven (km, ≤ 1m) | B12: Non-luxury | C12: 768140 | D12: 196088.56 | E12: 152493.87 | F12: 85000 | G12: 150628.27 | H12: 3545.9677 | I12: 999998.59 | J12: 92353.058 | K12: 251231.17 | L12: 1.8401612 | M12: 0.76816447
A13: Engine_CC (cc) | B13: All | C13: 1004936 | D13: 1505.983 | E13: 1494.4625 | F13: 875 | G13: 408.30065 | H13: 304.03071 | I13: 2720.2987 | J13: 1150.5997 | K13: 1850.3277 | L13: 0.081557525 | M13: 0.27111903
A14: Engine_CC (cc) | B14: Luxury | C14: 232158 | D14: 1506.6745 | E14: 1495.136 | F14: 875 | G14: 408.96808 | H14: 304.03071 | I14: 2663.8291 | J14: 1150.2229 | K14: 1851.7763 | L14: 0.081190635 | M14: 0.27143759
A15: Engine_CC (cc) | B15: Non-luxury | C15: 772778 | D15: 1505.7753 | E15: 1494.2493 | F15: 875 | G15: 408.09996 | H15: 305.21926 | I15: 2720.2987 | J15: 1150.7257 | K15: 1849.8693 | L15: 0.081661959 | M15: 0.27102315
... A24: Accidents (count) | B24: Non-luxury | C24: 772828 | D24: 0.29921406 | E24: 0 | F24: 0 | G24: 0.54742049 | H24: 0 | I24: 5 | J24: 0 | K24: 1 | L24: 1.8299263 | M24: 1.829528

Sheet Correlation_Inputs
A1: Pearson r from sufficient statistics (column I is a live Excel formula)
A2: r = (nΣxy − ΣxΣy) / √[(nΣx² − (Σx)²)(nΣy² − (Σy)²)]
A3: Group | B3: x variable | C3: n | D3: Σx | E3: Σy (price) | F3: Σx² | G3: Σy² | H3: Σxy | I3: r (Excel formula) | J3: r (Python, full data)
A4: All | B4: Registration_Age | C4: 1005000 | D4: 13069311 | E4: 1.0201824e+12 | F4: 222222605 | G4: 2.3595792e+18 | H4: 1.3267306e+13 | I4: =(C4*H4-D4*E4)/SQRT((C4*F4-D4^2)*(C4*G4-E4^2)) | J4: 6.7200701e-05
A5: All | B5: Kms_Driven ≤ 1m | C5: 998866 | D5: 1.9592007e+11 | E5: 1.0150327e+12 | F5: 6.1090206e+16 | G5: 2.3502143e+18 | H5: 1.9027438e+17 | I5: =(C5*H5-D5*E5)/SQRT((C5*F5-D5^2)*(C5*G5-E5^2)) | J5: -0.051000472
A6: All | B6: Kms_Driven (all) | C6: 1005000 | D6: 2.0399331e+11 | E6: 1.0201824e+12 | F6: 7.255107e+16 | G6: 2.3595792e+18 | H6: 1.9705657e+17 | I6: =(C6*H6-D6*E6)/SQRT((C6*F6-D6^2)*(C6*G6-E6^2)) | J6: -0.049336204
A7: Luxury | B7: Registration_Age | C7: 232172 | D7: 3022806 | E7: 2.3512941e+11 | F7: 51413142 | G7: 5.349048e+17 | H7: 3.0611138e+12 | I7: =(C7*H7-D7*E7)/SQRT((C7*F7-D7^2)*(C7*G7-E7^2)) | J7: -0.00010402839
A8: Luxury | B8: Kms_Driven ≤ 1m | C8: 230726 | D8: 4.5296597e+10 | E8: 2.3393067e+11 | F8: 1.4126456e+16 | G8: 5.327715e+17 | H8: 4.3882171e+16 | I8: =(C8*H8-D8*E8)/SQRT((C8*F8-D8^2)*(C8*G8-E8^2)) | J8: -0.051956317
A9: Luxury | B9: Kms_Driven (all) | C9: 232172 | D9: 4.7199728e+10 | E9: 2.3512941e+11 | F9: 1.6835311e+16 | G9: 5.349048e+17 | H9: 4.5454127e+16 | I9: =(C9*H9-D9*E9)/SQRT((C9*F9-D9^2)*(C9*G9-E9^2)) | J9: -0.050629299
A10: Non-luxury | B10: Registration_Age | C10: 772828 | D10: 10046505 | E10: 7.8505297e+11 | F10: 170809463 | G10: 1.8246744e+18 | H10: 1.0206192e+13 | I10: =(C10*H10-D10*E10)/SQRT((C10*F10-D10^2)*(C10*G10-E10^2)) | J10: 0.00011931677
A11: Non-luxury | B11: Kms_Driven ≤ 1m | C11: 768140 | D11: 1.5062347e+11 | E11: 7.8110207e+11 | F11: 4.6963749e+16 | G11: 1.8174428e+18 | H11: 1.4639221e+17 | I11: =(C11*H11-D11*E11)/SQRT((C11*F11-D11^2)*(C11*G11-E11^2)) | J11: -0.050720232
A12: Non-luxury | B12: Kms_Driven (all) | C12: 772828 | D12: 1.5679359e+11 | E12: 7.8505297e+11 | F12: 5.5715759e+16 | G12: 1.8246744e+18 | H12: 1.5160244e+17 | I12: =(C12*H12-D12*E12)/SQRT((C12*F12-D12^2)*(C12*G12-E12^2)) | J12: -0.048955443

Sheet Age_Profile
A1: Car_Price by Registration_Age, full data (Figure 3B)
A3: Age | B3: All n | C3: All mean | D3: All median | E3: All median CI lo | F3: All median CI hi | G3: Lux n | H3: Lux mean | I3: Lux median | J3: Lux median CI lo | K3: Lux median CI hi | L3: Non-lux n | M3: Non-lux mean | N3: Non-lux median | O3: Non-lux median CI lo | P3: Non-lux median CI hi
A4: 1 | B4: 40214 | C4: 1013721.9 | D4: 668247.21 | E4: 660842.87 | F4: 675719.28 | G4: 9227 | H4: 1019326.8 | I4: 667972.78 | J4: 650396.05 | K4: 684961.85 | L4: 30987 | M4: 1012053 | N4: 668373.06 | O4: 660408.02 | P4: 676633.31
A5: 2 | B5: 40157 | C5: 1003531 | D5: 667024.22 | E5: 658993.95 | F5: 673999.41 | G5: 9145 | H5: 984392.75 | I5: 653808.37 | J5: 641103.9 | K5: 668955.7 | L5: 31012 | M5: 1009174.7 | N5: 670816.94 | O5: 662225.1 | P5: 678943.41
A6: 3 | B6: 40182 | C6: 1009606 | D6: 673626.35 | E6: 667243.2 | F6: 680781.79 | G6: 9293 | H6: 1018503.5 | I6: 679039.36 | J6: 665181.26 | K6: 691132.17 | L6: 30889 | M6: 1006929.1 | N6: 672228.04 | O6: 664055.78 | P6: 680156.54
A7: 4 | B7: 40148 | C7: 1007567.6 | D7: 673389.77 | E7: 665987.93 | F7: 680780.38 | G7: 9201 | H7: 990955.16 | I7: 658343.88 | J7: 645303.38 | K7: 674513.41 | L7: 30947 | M7: 1012506.8 | N7: 677281.29 | O7: 668862.52 | P7: 686157.1
A8: 5 | B8: 40032 | C8: 1025586.3 | D8: 681532.5 | E8: 673400.54 | F8: 688745.34 | G8: 9254 | H8: 1020558.3 | I8: 682114.71 | J8: 665312.76 | K8: 702517.96 | L8: 30778 | M8: 1027098.1 | N8: 681430.35 | O8: 671982.57 | P8: 688919.19
A9: 6 | B9: 40563 | C9: 1015211 | D9: 670306.2 | E9: 662726.75 | F9: 677976.88 | G9: 9380 | H9: 1015879.9 | I9: 675267.1 | J9: 657425.42 | K9: 691187.36 | L9: 31183 | M9: 1015009.9 | N9: 669247.08 | O9: 660407.92 | P9: 677611.37
A10: 7 | B10: 39972 | C10: 1019376.3 | D10: 675101.98 | E10: 668280.57 | F10: 682764.83 | G10: 9167 | H10: 1019744.5 | I10: 672499.57 | J10: 656023.58 | K10: 686111.71 | L10: 30805 | M10: 1019266.7 | N10: 675713.51 | O10: 668179.45 | P10: 685001.36
A11: 8 | B11: 40424 | C11: 1019789.3 | D11: 677381.98 | E11: 669547.35 | F11: 685194.8 | G11: 9316 | H11: 1008657.5 | I11: 682133.42 | J11: 665136.54 | K11: 698023.23 | L11: 31108 | M11: 1023123 | N11: 676066.73 | O11: 668012.57 | P11: 684655.35
A12: 9 | B12: 39987 | C12: 1007987.7 | D12: 668843.56 | E12: 661527.55 | F12: 675792.27 | G12: 9411 | H12: 1005288.2 | I12: 660764.32 | J12: 645393.28 | K12: 674030.77 | L12: 30576 | M12: 1008818.5 | N12: 671888.09 | O12: 662741.55 | P12: 679218.16
A13: 10 | B13: 39880 | C13: 1025449.9 | D13: 680242.46 | E13: 672573.91 | F13: 687616.49 | G13: 9192 | H13: 1048805.5 | I13: 694972.92 | J13: 678435.91 | K13: 708543.01 | L13: 30688 | M13: 1018454.2 | N13: 675891.35 | O13: 667311.8 | P13: 684236.03
A14: 11 | B14: 40256 | C14: 1026229.3 | D14: 676169.61 | E14: 669288.11 | F14: 683349.26 | G14: 9330 | H14: 1034381 | I14: 681711.36 | J14: 667240.03 | K14: 698437.12 | L14: 30926 | M14: 1023770 | N14: 674353.42 | O14: 665663.54 | P14: 682737.69
A15: 12 | B15: 40038 | C15: 1009979.4 | D15: 668101.06 | E15: 661214.02 | F15: 674872.66 | G15: 9317 | H15: 1021749.4 | I15: 671946.59 | J15: 655081.22 | K15: 685953.87 | L15: 30721 | M15: 1006409.8 | N15: 667033.41 | O15: 659236.33 | P15: 674722.87
... A28: 25 | B28: 40220 | C28: 1013107.5 | D28: 675125.47 | E28: 667601.37 | F28: 682748.18 | G28: 9373 | H28: 1023293.1 | I28: 679499.77 | J28: 662362.15 | K28: 694995.01 | L28: 30847 | M28: 1010012.5 | N28: 673802.09 | O28: 665653.66 | P28: 682416.2

Sheet Km_Deciles
A1: Car_Price by Kms_Driven decile (≤ 1,000,000 km), full data (Figure 3D)
A3: Decile | B3: km from | C3: km to | D3: All n | E3: All median | F3: All CI lo | G3: All CI hi | H3: Lux n | I3: Lux median | J3: Lux CI lo | K3: Lux CI hi | L3: Non-lux n | M3: Non-lux median | N3: Non-lux CI lo | O3: Non-lux CI hi
A4: D1 | B4: 3216.3101 | C4: 58680.042 | D4: 99887 | E4: 756693.8 | F4: 751281.02 | G4: 761357.65 | H4: 22970 | I4: 760546.39 | J4: 750142.43 | K4: 772046 | L4: 76917 | M4: 755550.65 | N4: 748864.71 | O4: 760721.63
A5: D2 | B5: 58680.072 | C5: 81556.192 | D5: 99887 | E5: 722737.5 | F5: 717103.82 | G5: 727694.5 | H5: 22913 | I5: 719543.98 | J5: 708689.14 | K5: 730480.44 | L5: 76974 | M5: 723354.04 | N5: 717347.28 | O5: 729355.23
A6: D3 | B6: 81556.199 | C6: 103445.69 | D6: 99886 | E6: 705563.65 | F6: 701109.38 | G6: 710740.47 | H6: 23048 | I6: 706042.94 | J6: 696932.45 | K6: 715006.49 | L6: 76838 | M6: 705453.03 | N6: 700160.75 | O6: 711365.23
A7: D4 | B7: 103445.98 | C7: 126515.85 | D7: 99887 | E7: 690204.64 | F7: 685406.35 | G7: 694878.45 | H7: 23085 | I7: 688411.17 | J7: 678502.18 | K7: 701077.71 | L7: 76802 | M7: 690593.55 | N7: 685289.13 | O7: 695687.37
A8: D5 | B8: 126516.21 | C8: 152609.84 | D8: 99886 | E8: 675761.16 | F8: 671004.14 | G8: 680310.98 | H8: 23018 | I8: 674313.66 | J8: 663620.31 | K8: 683623.07 | L8: 76868 | M8: 676476.77 | N8: 670889.81 | O8: 681522.5
A9: D6 | B9: 152610.26 | C9: 184108 | D9: 99887 | E9: 669288.11 | F9: 664753.65 | G9: 673688.88 | H9: 23137 | I9: 675839.1 | J9: 666384.61 | K9: 686296.45 | L9: 76750 | M9: 667517.15 | N9: 661629.73 | O9: 672654.79
A10: D7 | B10: 184108.04 | C10: 224839.77 | D10: 99886 | E10: 659174.52 | F10: 654337.42 | G10: 664263.03 | H10: 23248 | I10: 658252.99 | J10: 648902.33 | K10: 668303.1 | L10: 76638 | M10: 659496.17 | N10: 654084.89 | O10: 664984.28
A11: D8 | B11: 224839.81 | C11: 284118.88 | D11: 99887 | E11: 646141.24 | F11: 641516.65 | G11: 650145.57 | H11: 23198 | I11: 640337.07 | J11: 631716.5 | K11: 648656.95 | L11: 76689 | M11: 647878.74 | N11: 642498.42 | O11: 652825.57
A12: D9 | B12: 284119.38 | C12: 390183.1 | D12: 99886 | E12: 628604.57 | F12: 624256.05 | G12: 633200.35 | H12: 23035 | I12: 628919.89 | J12: 619171.73 | K12: 637277.18 | L12: 76851 | M12: 628482.03 | N12: 623586 | O12: 633789.47
A13: D10 | B13: 390186.51 | C13: 999998.59 | D13: 99887 | E13: 603779.32 | F13: 599510.96 | G13: 607486.19 | H13: 23074 | I13: 601803.96 | J13: 593918.2 | K13: 610085.65 | L13: 76813 | M13: 604140.2 | N13: 599386.07 | O13: 608854.38

Sheet Brand_Medians
A1: Car_Price by cleaned brand (Figure 4A)
A3: Brand | B3: Segment | C3: n | D3: Mean | E3: Median | F3: 95% CI lo | G3: 95% CI hi
A4: Mercedes | B4: Luxury | C4: 77305 | D4: 1009819.9 | E4: 670432.51 | F4: 665318.07 | G4: 675859.32
A5: Mahindra | B5: Non-luxury | C5: 77093 | D5: 1013460.3 | E5: 670682.6 | F5: 665088.68 | G5: 676051.79
A6: Tata | B6: Non-luxury | C6: 77075 | D6: 1018331.6 | E6: 671067.77 | F6: 666019.9 | G6: 676170.74
A7: BMW | B7: Luxury | C7: 77561 | D7: 1016812.6 | E7: 671205.04 | F7: 666054.94 | G7: 676429.5
A8: Honda | B8: Non-luxury | C8: 77312 | D8: 1005289.1 | E8: 671656.66 | F8: 666266.33 | G8: 677166.74
A9: Hyundai | B9: Non-luxury | C9: 77517 | D9: 1014115.4 | E9: 671932.18 | F9: 666984.8 | G9: 677361.34
A10: Volkswagen | B10: Non-luxury | C10: 77185 | D10: 1014804.4 | E10: 672301.15 | F10: 666429.34 | G10: 677924.54
A11: Toyota | B11: Non-luxury | C11: 77397 | D11: 1021028.3 | E11: 673535.42 | F11: 668930.39 | G11: 678982.38
A12: Nissan | B12: Non-luxury | C12: 76966 | D12: 1015072.6 | E12: 673897.73 | F12: 669076.86 | G12: 679208.46
A13: Audi | B13: Luxury | C13: 77306 | D13: 1011568.1 | E13: 676531.73 | F13: 670431.38 | G13: 682513.51
A14: Skoda | B14: Non-luxury | C14: 77551 | D14: 1014856.6 | E14: 677027.22 | F14: 671812.44 | G14: 682766.19
A15: Ford | B15: Non-luxury | C15: 77439 | D15: 1022371.3 | E15: 677707.5 | F15: 671643.5 | G15: 683331.99
A16: Kia | B16: Non-luxury | C16: 77293 | D16: 1018843.1 | E16: 678766.22 | F16: 672973.73 | G16: 684272.13

Sheet Segment_Test
A1: Luxury vs non-luxury price comparison (Section 5)
A3: Statistic | B3: Value
A4: Mean difference (Lux − Non-lux), INR | B4: -3080.4751
A5: 95% CI (Welch) | B5: -8,349 to 2,188
A6: Mean difference, % | B6: -0.30325055
A7: Median difference, % | B7: -0.1657084
A8: Median ratio 95% bootstrap CI, % | B8: -0.660 to +0.288
A9: Welch t (raw price) | B9: -1.1459888
A10: Welch p (raw price) | B10: 0.25180049
A11: Welch p (log price) | B11: 0.37844983
A12: Mann–Whitney p | B12: 0.58636496
A13: Cohen d (log price) | B13: -0.0020853612
A14: Luxury rows if brand labels NOT trimmed | B14: 229838
A15: Luxury rows after trimming | B15: 232172

Sheet Signal_Scan
A1: Share of log-price variance explained by each field (Figure 4B)
A3: Field (measure) | B3: Share (0–1) | C3: Share (%)
A4: Kms_Driven (log–log r²) | B4: 0.0050580759 | C4: 0.50580759
A5: Horsepower (log–log r²) | B5: 0.0016871643 | C5: 0.16871643
A6: Engine_CC (log–log r²) | B6: 0.0011394987 | C6: 0.11394987
A7: Model (η²) | B7: 3.7181699e-05 | C7: 0.0037181699
A8: Registration_Age (η²) | B8: 3.2334248e-05 | C8: 0.0032334248
A9: Brand (η²) | B9: 1.5039852e-05 | C9: 0.0015039852
A10: City (η²) | B10: 1.1912777e-05 | C10: 0.0011912777
A11: Transmission (η²) | B11: 5.6108108e-06 | C11: 0.00056108108
A12: Color (η²) | B12: 4.7209978e-06 | C12: 0.00047209978
A13: Tax_Paid (η²) | B13: 2.6441502e-06 | C13: 0.00026441502
A14: Fuel_Type (η²) | B14: 1.1816233e-06 | C14: 0.00011816233
A15: Mileage_kmpl (log–log r²) | B15: 9.5103738e-07 | C15: 9.5103738e-05
... A22: Service_History (η²) | B22: 2.7505382e-08 | C22: 2.7505382e-06
A24: Preview log-linear model (log km + log hp + log cc): R² | B24: 0.0067396378
A25: Preview model MdAPE, % | B25: 55.191398
A26: MdAPE of quoting overall median, % | B26: 55.341618
A27: MdAPE of segment medians, % | B27: 55.339642
A28: MdAPE of age medians, % | B28: 55.344883
A29: MdAPE of 20 km-bin medians, % | B29: 55.244917
A30: Correlation Engine_CC vs Horsepower | B30: 0.81400037

Sheet Duplicate_Permutation
A1: 15-field repeats: observed vs chance (each column shuffled independently, seed 1)
A3: Run | B3: Repeat rows after shuffling
A4: 1 | B4: 25310
A5: 2 | B5: 24919
A6: 3 | B6: 25207
A7: 4 | B7: 25121
A8: 5 | B8: 25087
A9: 6 | B9: 25187
A10: 7 | B10: 25116
A11: 8 | B11: 24802
A12: 9 | B12: 25018
A13: 10 | B13: 25203
A14: 11 | B14: 24921
A15: 12 | B15: 24866
... A23: 20 | B23: 24956
A25: Observed repeats | B25: 29640
A26: Mean of shuffles | B26: =AVERAGE(B4:B23)
A27: SD of shuffles | B27: =STDEV.S(B4:B23)
A28: Excess ≈ genuine duplicates | B28: =B25-B26

Sheet Sensitivity
A1: Appendix Table A1a/A1b
A3: Scenario | B3: n | C3: Median price (INR) | D3: r (price, age) | E3: r (price, km ≤ 1m) | F3: Luxury median gap
A4: Baseline (all rows) | B4: 1,005,000 | C4: 673,522 | D4: +0.00007 | E4: -0.0510 | F4: -0.17%
A5: Drop all 15-field repeats | B5: 975,360 | C5: 673,436 | D5: +0.00002 | E5: -0.0513 | F5: -0.19%
A6: Drop rows with any Unknown | B6: 721,352 | C6: 672,595 | D6: +0.00057 | E6: -0.0516 | F6: +0.14%
A7: Drop 3 extreme prices | B7: 1,004,997 | C7: 673,521 | D7: -0.00002 | E7: -0.0513 | F7: -0.17%
A10: Kms_Driven cap | B10: n | C10: r (raw) | D10: r (log–log)
A11: ≤ 500,000 km | B11: 947,751 | C11: -0.0487 | D11: -0.0646
A12: ≤ 750,000 km | B12: 987,792 | C12: -0.0503 | D12: -0.0692
A13: ≤ 1,000,000 km (used) | B13: 998,866 | C13: -0.0510 | D13: -0.0711
A14: ≤ 1,500,000 km | B14: 1,003,790 | C14: -0.0507 | D14: -0.0724
A15: No cap | B15: 1,005,000 | C15: -0.0493 | D15: -0.0726

Sheet Sampling_r
A1: 1,000 random 5,000-row samples (Figure 2B; same generator as the figure)
A3: Draw | B3: r price–age | C3: r price–km
A4: 1 | B4: 0.010892184 | C4: -0.065927229
A5: 2 | B5: -0.0034427629 | C5: -0.057718189
A6: 3 | B6: -0.013896378 | C6: -0.054993646
A7: 4 | B7: 0.0098607387 | C7: -0.054253967
A8: 5 | B8: 0.0067356119 | C8: -0.032185472
A9: 6 | B9: -0.0019753264 | C9: -0.063064911
A10: 7 | B10: 0.0017947147 | C10: -0.043124796
A11: 8 | B11: -0.011214397 | C11: -0.046416494
A12: 9 | B12: -0.0056199755 | C12: -0.060406896
A13: 10 | B13: 0.0072193098 | C13: -0.06683635
A14: 11 | B14: -0.012724633 | C14: -0.037198021
A15: 12 | B15: -0.033160966 | C15: -0.060831177
... A1003: 1000 | B1003: 0.021925172 | C1003: -0.065281944

Sheet Plot_Sample_Age
A1: Exact rows plotted in Figure 3 (A); ExcelRow = row number on sheet DATA
A3: DATA row | B3: Segment | C3: Registration_Age | D3: Car_Price
A4: 66699 | B4: Non-luxury | C4: 15 | D4: 1216962
A5: 737149 | B5: Non-luxury | C5: 7 | D5: 913722.41
A6: 739550 | B6: Non-luxury | C6: 15 | D6: 124753.93
A7: 871278 | B7: Non-luxury | C7: 4 | D7: 293827.52
A8: 47575 | B8: Non-luxury | C8: 8 | D8: 164398.44
A9: 509914 | B9: Non-luxury | C9: 5 | D9: 623271.7
A10: 272178 | B10: Non-luxury | C10: 25 | D10: 564178.91
A11: 50762 | B11: Non-luxury | C11: 20 | D11: 114014.38
A12: 98712 | B12: Non-luxury | C12: 10 | D12: 1557330.5
A13: 617273 | B13: Non-luxury | C13: 13 | D13: 701913.12
A14: 505230 | B14: Non-luxury | C14: 8 | D14: 412690.29
A15: 786007 | B15: Luxury | C15: 8 | D15: 1725518.3
... A5003: 460794 | B5003: Non-luxury | C5003: 21 | D5003: 1633320.8

Sheet Plot_Sample_Km
A1: Exact rows plotted in Figure 3 (C); ExcelRow = row number on sheet DATA
A3: DATA row | B3: Segment | C3: Kms_Driven | D3: Car_Price
A4: 303191 | B4: Non-luxury | C4: 838093.55 | D4: 401020.42
A5: 973172 | B5: Non-luxury | C5: 29125.043 | D5: 1373819.3
A6: 123138 | B6: Non-luxury | C6: 546021.88 | D6: 721097.66
A7: 506892 | B7: Non-luxury | C7: 439126.97 | D7: 944415.3
A8: 842686 | B8: Luxury | C8: 164130.88 | D8: 1092107.3
A9: 446976 | B9: Non-luxury | C9: 120080.93 | D9: 145995.27
A10: 371438 | B10: Non-luxury | C10: 60258.547 | D10: 627924.07
A11: 359521 | B11: Non-luxury | C11: 286253.46 | D11: 233600.27
A12: 801701 | B12: Non-luxury | C12: 132873.49 | D12: 420195.27
A13: 327588 | B13: Luxury | C13: 55601.699 | D13: 469850.59
A14: 753179 | B14: Non-luxury | C14: 134013.54 | D14: 325102.99
A15: 720863 | B15: Luxury | C15: 60588.801 | D15: 286708.94
... A5003: 465565 | B5003: Luxury | C5003: 272709.46 | D5003: 1052575.6

Sheet Excel_Recipes
A1: Excel formulas that reproduce the cleaning and headline statistics on sheet DATA
A3: Step | B3: Where | C3: Formula | D3: Result / note
A4: Clean brand | B4: U2 (helper) | C4: =TRIM(A2) | D4: Removes the padded spaces (10,040 rows).
A5: Clean fuel | B5: V2 (helper) | C5: =LET(f,LOWER(TRIM(G2)),IF(f="hybridd","Hybrid",IF(f="electrik","Electric",IF(f="cng","CNG",PROPER(f))))) | D5: Maps the 6 variants onto 5 fuel types + Unknown.
A6: Segment | B6: W2 (helper) | C6: =IF(OR(U2="Audi",U2="BMW",U2="Mercedes"),"Luxury","Non-luxury") | D6: Luxury = Audi, BMW, Mercedes.
A7: Usage flag | B7: X2 (helper) | C7: =IF(L2>1000000,"exclude from km analysis","ok") | D7: 6,134 rows flagged.
A8: Median price, luxury | B8: any cell | C8: =MEDIAN(FILTER(DATA!T2:T1005001,DATA!W2:W1005001="Luxury")) | D8: Returns 672,614.
A9: Mean price, all | B9: any cell | C9: =AVERAGE(DATA!T2:T1005001) | D9: Returns 1,015,107.
A10: Correlation price–age | B10: any cell | C10: =CORREL(DATA!S2:S1005001,DATA!T2:T1005001) | D10: Returns 0.0000672.
A11: Correlation price–km (≤1m) | B11: any cell | C11: =CORREL(FILTER(DATA!L2:L1005001,DATA!L2:L1005001<=1000000),FILTER(DATA!T2:T1005001,DATA!L2:L1005001<=1000000)) | D11: Returns −0.0510.
A12: Random sample for scatter | B12: helper | C12: =RAND() then sort and take first 5,000 rows | D12: Or reuse the exact rows in Plot_Sample_* sheets.
A13: Blank check | B13: any cell | C13: =COUNTBLANK(DATA!A2:T1005001) | D13: Returns 0.
